{
    "loss": 45.980655670166016,
    "accuracy": 0.9858647584915161
}