{
    "loss": 1.9258707761764526,
    "accuracy": 0.845958948135376
}